Nº_Distrito;Nombre_distrito;NOMBRE_ESPECIE;Nº_Unidades 2025;
1;CENTRO;Ligustrum japonicum;2637;
1;CENTRO;Styphnolobium japonicum;1570;
1;CENTRO;Platanus x hispanica;1412;
1;CENTRO;Aesculus hippocastanum;485;
1;CENTRO;Pyrus calleryana 'Chanticleer';477;
1;CENTRO;Prunus cerasifera  subsp. pissardii;410;
1;CENTRO;Cercis siliquastrum;368;
1;CENTRO;Ligustrum japonicum 'Variegatum';323;
1;CENTRO;Ulmus pumila;322;
1;CENTRO;Otros;4098;
2;ARGANZUELA;Platanus x hispanica;3433;
2;ARGANZUELA;Styphnolobium japonicum;2434;
2;ARGANZUELA;Celtis australis;1717;
2;ARGANZUELA;Ligustrum japonicum;1269;
2;ARGANZUELA;Melia azedarach;1187;
2;ARGANZUELA;Ulmus pumila;1159;
2;ARGANZUELA;Pinus pinea;1148;
2;ARGANZUELA;Acer negundo;1103;
2;ARGANZUELA;Robinia pseudoacacia;1098;
2;ARGANZUELA;Gleditsia triacanthos;683;
2;ARGANZUELA;Prunus cerasifera  subsp. pissardii;632;
2;ARGANZUELA;Otros;8027;
3;RETIRO;Platanus x hispanica;2529;
3;RETIRO;Styphnolobium japonicum;2320;
3;RETIRO;Ulmus pumila;1787;
3;RETIRO;Ligustrum japonicum;972;
3;RETIRO;Pinus pinea;626;
3;RETIRO;Celtis australis;574;
3;RETIRO;Robinia pseudoacacia;461;
3;RETIRO;Cupressus sempervirens;419;
3;RETIRO;x Cupressocyparis x leylandii;326;
3;RETIRO;Liquidambar styraciflua;326;
3;RETIRO;Aesculus hippocastanum;286;
3;RETIRO;Cupressus arizonica;285;
3;RETIRO;Prunus cerasifera  subsp. pissardii;268;
3;RETIRO;Otros;3181;
4;SALAMANCA;Styphnolobium japonicum;5812;
4;SALAMANCA;Platanus x hispanica;2406;
4;SALAMANCA;Ligustrum japonicum;1742;
4;SALAMANCA;Ulmus pumila;812;
4;SALAMANCA;Aesculus hippocastanum;636;
4;SALAMANCA;Pinus pinea;519;
4;SALAMANCA;Robinia pseudoacacia;464;
4;SALAMANCA;Melia azedarach;407;
4;SALAMANCA;Prunus cerasifera  subsp. pissardii;394;
4;SALAMANCA;Acer negundo;356;
4;SALAMANCA;Otros;5973;
5;CHAMARTIN;Platanus x hispanica;5974;
5;CHAMARTIN;Styphnolobium japonicum;3644;
5;CHAMARTIN;Ulmus pumila;2405;
5;CHAMARTIN;Celtis australis;1295;
5;CHAMARTIN;Pinus pinea;1085;
5;CHAMARTIN;Robinia pseudoacacia;968;
5;CHAMARTIN;Ligustrum japonicum;910;
5;CHAMARTIN;Melia azedarach;884;
5;CHAMARTIN;Prunus cerasifera  subsp. pissardii;845;
5;CHAMARTIN;Aesculus hippocastanum;647;
5;CHAMARTIN;Populus alba 'Bolleana';522;
5;CHAMARTIN;Otros;6802;
6;TETUAN;Platanus x hispanica;4773;
6;TETUAN;Ligustrum japonicum;903;
6;TETUAN;Ulmus pumila;706;
6;TETUAN;Melia azedarach;566;
6;TETUAN;Cupressus sempervirens;558;
6;TETUAN;Prunus cerasifera  subsp. pissardii;549;
6;TETUAN;Celtis australis;526;
6;TETUAN;Styphnolobium japonicum;521;
6;TETUAN;Aesculus hippocastanum;437;
6;TETUAN;Pinus pinea;409;
6;TETUAN;Otros;5293;
7;CHAMBERI;Styphnolobium japonicum;5697;
7;CHAMBERI;Platanus x hispanica;1746;
7;CHAMBERI;Celtis australis;824;
7;CHAMBERI;Ulmus pumila;757;
7;CHAMBERI;Ligustrum japonicum;603;
7;CHAMBERI;Melia azedarach;553;
7;CHAMBERI;Robinia pseudoacacia;283;
7;CHAMBERI;Koelreuteria paniculata;280;
7;CHAMBERI;Aesculus hippocastanum;268;
7;CHAMBERI;Cercis siliquastrum;240;
7;CHAMBERI;Prunus cerasifera  subsp. pissardii;204;
7;CHAMBERI;Fraxinus angustifolia;188;
7;CHAMBERI;Otros;2077;
8;FUENCARRAL - EL PARDO;Platanus x hispanica;9495;
8;FUENCARRAL - EL PARDO;Ulmus pumila;4627;
8;FUENCARRAL - EL PARDO;Celtis australis;4433;
8;FUENCARRAL - EL PARDO;Pinus pinea;2998;
8;FUENCARRAL - EL PARDO;Melia azedarach;2354;
8;FUENCARRAL - EL PARDO;Robinia pseudoacacia;2235;
8;FUENCARRAL - EL PARDO;Styphnolobium japonicum;1797;
8;FUENCARRAL - EL PARDO;Prunus cerasifera  subsp. pissardii;1677;
8;FUENCARRAL - EL PARDO;Morus alba;1503;
8;FUENCARRAL - EL PARDO;Acer negundo;1450;
8;FUENCARRAL - EL PARDO;Cupressus sempervirens;1253;
8;FUENCARRAL - EL PARDO;Aesculus hippocastanum;1142;
8;FUENCARRAL - EL PARDO;Ligustrum japonicum;1079;
8;FUENCARRAL - EL PARDO;Populus x canadensis;1029;
8;FUENCARRAL - EL PARDO;Otros;21377;
9;MONCLOA - ARAVACA;Platanus x hispanica;5111;
9;MONCLOA - ARAVACA;Styphnolobium japonicum;2723;
9;MONCLOA - ARAVACA;Ulmus pumila;2175;
9;MONCLOA - ARAVACA;Pinus pinea;1896;
9;MONCLOA - ARAVACA;Acer negundo;1597;
9;MONCLOA - ARAVACA;Cupressus sempervirens;1456;
9;MONCLOA - ARAVACA;Robinia pseudoacacia;1138;
9;MONCLOA - ARAVACA;Celtis australis;1075;
9;MONCLOA - ARAVACA;Catalpa bignonioides;933;
9;MONCLOA - ARAVACA;Ligustrum japonicum;811;
9;MONCLOA - ARAVACA;Prunus cerasifera  subsp. pissardii;659;
9;MONCLOA - ARAVACA;Cupressus arizonica;614;
9;MONCLOA - ARAVACA;Otros;14094;
10;LATINA;Platanus x hispanica;5183;
10;LATINA;Ulmus pumila;3702;
10;LATINA;Pinus pinea;2275;
10;LATINA;Celtis australis;2099;
10;LATINA;Styphnolobium japonicum;1767;
10;LATINA;Robinia pseudoacacia;1554;
10;LATINA;Prunus cerasifera  subsp. pissardii;1199;
10;LATINA;Ligustrum japonicum;1126;
10;LATINA;Melia azedarach;956;
10;LATINA;Cupressus sempervirens;951;
10;LATINA;Acer negundo;910;
10;LATINA;Otros;14327;
11;CARABANCHEL;Platanus x hispanica;7394;
11;CARABANCHEL;Pinus pinea;4233;
11;CARABANCHEL;Styphnolobium japonicum;2691;
11;CARABANCHEL;Ulmus pumila;2548;
11;CARABANCHEL;Celtis australis;2346;
11;CARABANCHEL;Robinia pseudoacacia;2150;
11;CARABANCHEL;Acer negundo;1441;
11;CARABANCHEL;Gleditsia triacanthos;1382;
11;CARABANCHEL;Ligustrum japonicum;970;
11;CARABANCHEL;Aesculus hippocastanum;958;
11;CARABANCHEL;Cupressus sempervirens;944;
11;CARABANCHEL;Melia azedarach;930;
11;CARABANCHEL;Otros;14204;
12;USERA;Platanus x hispanica;4919;
12;USERA;Ulmus pumila;3627;
12;USERA;Robinia pseudoacacia;1913;
12;USERA;Pinus pinea;1844;
12;USERA;Celtis australis;1597;
12;USERA;Styphnolobium japonicum;1328;
12;USERA;Acer negundo;1059;
12;USERA;Melia azedarach;792;
12;USERA;Cedrus deodara;761;
12;USERA;Ligustrum japonicum;636;
12;USERA;Platanus orientalis;593;
12;USERA;Gleditsia triacanthos;543;
12;USERA;Otros;11021;
13;PUENTE DE VALLECAS;Platanus x hispanica;4380;
13;PUENTE DE VALLECAS;Platanus orientalis;4246;
13;PUENTE DE VALLECAS;Styphnolobium japonicum;3520;
13;PUENTE DE VALLECAS;Robinia pseudoacacia;3069;
13;PUENTE DE VALLECAS;Ulmus pumila;2971;
13;PUENTE DE VALLECAS;Pinus pinea;2261;
13;PUENTE DE VALLECAS;Acer negundo;2101;
13;PUENTE DE VALLECAS;Ligustrum japonicum;2035;
13;PUENTE DE VALLECAS;Celtis australis;1683;
13;PUENTE DE VALLECAS;Melia azedarach;1370;
13;PUENTE DE VALLECAS;Pinus halepensis;1224;
13;PUENTE DE VALLECAS;Catalpa bignonioides;978;
13;PUENTE DE VALLECAS;Otros;15813;
14;MORATALAZ;Ulmus pumila;5608;
14;MORATALAZ;Platanus x hispanica;1927;
14;MORATALAZ;Pinus pinea;1847;
14;MORATALAZ;Celtis australis;1837;
14;MORATALAZ;Acer negundo;1141;
14;MORATALAZ;Platanus orientalis;1045;
14;MORATALAZ;Melia azedarach;751;
14;MORATALAZ;Prunus cerasifera  subsp. pissardii;560;
14;MORATALAZ;Fraxinus angustifolia;531;
14;MORATALAZ;Catalpa bignonioides;527;
14;MORATALAZ;Otros;8838;
15;CIUDAD LINEAL;Platanus x hispanica;4506;
15;CIUDAD LINEAL;Ulmus pumila;4163;
15;CIUDAD LINEAL;Pinus pinea;3293;
15;CIUDAD LINEAL;Styphnolobium japonicum;1576;
15;CIUDAD LINEAL;Celtis australis;1548;
15;CIUDAD LINEAL;Prunus cerasifera  subsp. pissardii;1251;
15;CIUDAD LINEAL;Robinia pseudoacacia;1109;
15;CIUDAD LINEAL;Cupressus sempervirens;1075;
15;CIUDAD LINEAL;Acer negundo;1058;
15;CIUDAD LINEAL;Prunus dulcis;996;
15;CIUDAD LINEAL;Pinus halepensis;785;
15;CIUDAD LINEAL;Otros;15699;
16;HORTALEZA;Pinus pinea;4845;
16;HORTALEZA;Platanus x hispanica;4474;
16;HORTALEZA;Celtis australis;4235;
16;HORTALEZA;Styphnolobium japonicum;2912;
16;HORTALEZA;Cupressus sempervirens;2129;
16;HORTALEZA;Robinia pseudoacacia;2092;
16;HORTALEZA;Acer negundo;1903;
16;HORTALEZA;Melia azedarach;1794;
16;HORTALEZA;Ulmus pumila;1751;
16;HORTALEZA;Ligustrum japonicum;1708;
16;HORTALEZA;Pinus halepensis;1293;
16;HORTALEZA;Populus alba;1274;
16;HORTALEZA;Prunus cerasifera  subsp. pissardii;1216;
16;HORTALEZA;Aesculus hippocastanum;1088;
16;HORTALEZA;Otros;25782;
17;VILLAVERDE;Ulmus pumila;5065;
17;VILLAVERDE;Celtis australis;3687;
17;VILLAVERDE;Platanus x hispanica;2961;
17;VILLAVERDE;Ligustrum japonicum;2084;
17;VILLAVERDE;Melia azedarach;2003;
17;VILLAVERDE;Pinus pinea;1768;
17;VILLAVERDE;Robinia pseudoacacia;1598;
17;VILLAVERDE;Pinus halepensis;1533;
17;VILLAVERDE;Aesculus hippocastanum;1493;
17;VILLAVERDE;Prunus cerasifera  subsp. pissardii;1355;
17;VILLAVERDE;Acer negundo;1132;
17;VILLAVERDE;Styphnolobium japonicum;962;
17;VILLAVERDE;Otros;13043;
18;VILLA DE VALLECAS;Platanus x hispanica;4904;
18;VILLA DE VALLECAS;Celtis australis;3030;
18;VILLA DE VALLECAS;Pinus halepensis;2709;
18;VILLA DE VALLECAS;Acer negundo;1920;
18;VILLA DE VALLECAS;Ulmus pumila;1831;
18;VILLA DE VALLECAS;Robinia pseudoacacia;1698;
18;VILLA DE VALLECAS;Melia azedarach;1626;
18;VILLA DE VALLECAS;Cupressus sempervirens;1220;
18;VILLA DE VALLECAS;Styphnolobium japonicum;897;
18;VILLA DE VALLECAS;Prunus cerasifera  subsp. pissardii;820;
18;VILLA DE VALLECAS;Otros;15054;
19;VICALVARO;Celtis australis;2540;
19;VICALVARO;Pyrus calleryana;2099;
19;VICALVARO;Platanus x hispanica;1894;
19;VICALVARO;Ligustrum japonicum;1808;
19;VICALVARO;Platanus orientalis;1730;
19;VICALVARO;Pinus pinea;1581;
19;VICALVARO;Styphnolobium japonicum;1494;
19;VICALVARO;Robinia pseudoacacia;1340;
19;VICALVARO;Ulmus pumila;1238;
19;VICALVARO;Melia azedarach;1122;
19;VICALVARO;Otros;14851;
20;SAN BLAS - CANILLEJAS;Platanus x hispanica;7899;
20;SAN BLAS - CANILLEJAS;Pinus halepensis;4647;
20;SAN BLAS - CANILLEJAS;Pinus pinea;3806;
20;SAN BLAS - CANILLEJAS;Celtis australis;2974;
20;SAN BLAS - CANILLEJAS;Acer negundo;1641;
20;SAN BLAS - CANILLEJAS;Ulmus pumila;1475;
20;SAN BLAS - CANILLEJAS;Robinia pseudoacacia;1462;
20;SAN BLAS - CANILLEJAS;Aesculus hippocastanum;1404;
20;SAN BLAS - CANILLEJAS;Melia azedarach;1082;
20;SAN BLAS - CANILLEJAS;Styphnolobium japonicum;1008;
20;SAN BLAS - CANILLEJAS;Ulmus sp;1006;
20;SAN BLAS - CANILLEJAS;Otros;16140;
21;BARAJAS;Platanus x hispanica;3335;
21;BARAJAS;Celtis australis;1014;
21;BARAJAS;Pinus pinea;781;
21;BARAJAS;Catalpa bignonioides;676;
21;BARAJAS;Melia azedarach;676;
21;BARAJAS;Ulmus pumila;632;
21;BARAJAS;Styphnolobium japonicum;617;
21;BARAJAS;Pinus halepensis;613;
21;BARAJAS;Robinia pseudoacacia;567;
21;BARAJAS;Cupressus sempervirens;564;
21;BARAJAS;Pyrus calleryana 'Chanticleer';466;
21;BARAJAS;Ligustrum japonicum;421;
21;BARAJAS;Otros;7096;
;;;;
